Time,Lorenz_X,Lorenz_Y
0,8.374342332,12.81304709
1,10.2994781,14.9701115
2,12.10506778,15.82542155
3,13.18840562,14.35315138