Time,Basic_SIR_I,Basic_SIR_R
0,Lorenz_X,Lorenz_Y
1,8.374342332,12.81304709
2,10.2994781,14.9701115
3,12.10506778,15.82542155
4,13.18840562,14.35315138